{"height":0,"left_upper_arm_width":54.73139801375095,"right_upper_arm_width":26.88265851795262,"left_upper_arm_height":-185.84430976651032,"right_upper_arm_height":-172.92134819090734,"left_upper_leg_width":-31.210236822001548,"right_upper_leg_width":-38.805347593582894,"left_upper_leg_height":80.40659117918472,"right_upper_leg_height":97.02116269819066,"left_lower_leg_width":-23.263712757830433,"right_lower_leg_width":57.75080213903743,"left_lower_leg_height":-42.70282194914648,"right_lower_leg_height":-46.72740200462238,"torso":36.6672268907563}